[{"httpStatus":"400 Bad Request","httpMethod":"GET","errorMsg": "Invalid URL","transactionId": "WEEHKUHLFGFJG4","correlationId":"565YTHGU","timeStamp":"2020-01-01T00:00:01", "userName":"John","password":"fgf455c"},
{"httpStatus":"401 Unauthorized","httpMethod":"GET","errorMsg":"Bad Credentials", "transactionId": "4654HFCGVDSU86","correlationId":"HFHFY56B","timeStamp":"2020-01-01T07:20:01","userName":"Kyle","password":"31gfy&"},
{"httpStatus":"404 Not Found", "httpMethod":"PATCH","errorMsg": "Resource Not Found","transactionId": "113213FGHGJGU6","correlationId":"R656GFHF","timeStamp":"2020-01-01T07:39:01","userName":"Kevin"},
{"httpStatus":"500 Internal Server","httpMethod":"PUT","errorMsg": "NullPointer Exception","transactionId": "657FHFJF139600","correlationId":"33GDGDGD","timeStamp":"2020-01-01T09:56:10","userName":"Karan"},
{"httpStatus":"200 OK","httpMethod":"POST","success":"true","transactionId": "657FGFH4668NBM","correlationId":"HFHFHFHFHF","timeStamp":"2020-01-01T23:05:01","userName":"Abaham"},
{"httpStatus":"404 Not Found", "httpMethod":"PATCH","errorMsg": "Resource Not Found","transactionId": "6KL23INBFSOQRT","correlationId":"0JK50GN7","timeStamp":"2020-01-01T09:32:01","userName":"Kevin","password":"68bfg#"},
{"httpStatus":"400 Bad Request","httpMethod":"GET","errorMsg": "Invalid URL","transactionId": "7PE24TH8I051KJ","correlationId":"0JK50GN8","timeStamp":"2020-01-01T00:21:01", "userName":"John"},
{"httpStatus":"200 OK","httpMethod":"POST","success":"true","transactionId": "6NJ23FKI749NKM","correlationId":"123456HGJK","timeStamp":"2020-01-01T23:05:02","userName":"Abaham"},
{"httpStatus":"400 Bad Request","httpMethod":"GET","errorMsg":"Bad Credentials", "transactionId": "6MH7453VCNKHU6","correlationId":"0JK50GN7","timeStamp":"2020-01-01T07:23:01","userName":"Kyle","password":"65b2#%"},
{"httpStatus":"500 Internal Server","httpMethod":"PUT","errorMsg": "NullPointer Exception","transactionId": "1AEE24FGI390KO","correlationId":"0MN987GH","timeStamp":"2020-01-01T05:56:10","userName":"Karan"},
{"httpStatus":"400 Bad Request","httpMethod":"GET","errorMsg": "Invalid URL","transactionId": "55UYJHKJRECKHJ","correlationId":"75JHFHFH","timeStamp":"2020-01-01T02:00:01", "userName":"John"},
{"httpStatus":"400 Bad Request","httpMethod":"GET","errorMsg":"Bad Credentials", "transactionId": "3133YHGHHGJGJ6","correlationId":"757NVNVM","timeStamp":"2020-01-01T03:20:01","userName":"Kyle"},
{"httpStatus":"500 Internal Server","httpMethod":"PUT","errorMsg": "NullPointer Exception","transactionId": "566Y755HFJG64D","correlationId":"G44B9NSG","timeStamp":"2020-01-01T05:56:10","userName":"Karan"},
{"httpStatus":"200 OK","httpMethod":"POST","success":"true","transactionId": "55JJGJHIHESFM,","correlationId":"GDGD24224","timeStamp":"2020-01-01T23:05:01","userName":"Abaham"},
{"httpStatus":"404 Not Found", "httpMethod":"PATCH","errorMsg": "Resource Not Found","transactionId": "878YKGFHJHLJKT","correlationId":"757NVNFN","timeStamp":"2020-01-01T04:39:01","userName":"Kevin"},
{"httpStatus":"400 Bad Request","httpMethod":"GET","errorMsg": "Invalid URL","transactionId": "54GHG7SJOU9MDT","correlationId":"46FN0JIS","timeStamp":"2020-01-01T06:00:01", "userName":"John"},
{"httpStatus":"400 Bad Request","httpMethod":"GET","errorMsg":"Bad Credentials", "transactionId": "YT7GDFJOLLDF6","correlationId":"687MKDNZ","timeStamp":"2020-01-01T08:20:01","userName":"Kyle"},
{"httpStatus":"200 OK","httpMethod":"POST","success":"true","transactionId": "GRUNDR663JKOMD","correlationId":"66BDJ8GMEX","timeStamp":"2020-01-01T23:05:01","userName":"Abaham"},
{"httpStatus":"404 Not Found", "httpMethod":"PATCH","errorMsg": "Resource Not Found","transactionId": "44454FS5JFSBVJ","correlationId":"HCXBYBGJ","timeStamp":"2020-01-01T09:39:01","userName":"Kevin"},
{"httpStatus":"500 Internal Server","httpMethod":"PUT","errorMsg": "NullPointer Exception","transactionId": "657N2JGG3S24JS","correlationId":"FDGDGDGH","timeStamp":"2020-01-01T01:56:10","userName":"Karan"},
{"httpStatus":"400 Bad Request","httpMethod":"GET","errorMsg": "Invalid URL","transactionId": "65DGDGDREVBHFH","correlationId":"565HFHF7","timeStamp":"2020-01-01T02:00:01", "userName":"John"},
{"httpStatus":"200 OK","httpMethod":"POST","success":"true","transactionId": "DFDGTY579GJKOL","correlationId":"123456HGJK","timeStamp":"2020-01-01T23:06:01","userName":"Abaham"},
{"httpStatus":"400 Bad Request","httpMethod":"GET","errorMsg":"Bad Credentials", "transactionId": "6RE7MGHKDHSFS6","correlationId":"Y64GHWWE","timeStamp":"2020-01-01T03:20:01","userName":"Kyle"},
{"httpStatus":"404 Not Found", "httpMethod":"PATCH","errorMsg": "Resource Not Found","transactionId": "HFJFHLOY5795AS","correlationId":"565HGHKU","timeStamp":"2020-01-01T04:39:01","userName":"Kevin"},
{"httpStatus":"500 Internal Server","httpMethod":"PUT","errorMsg": "NullPointer Exception","transactionId": "NT635SFSRU6648","correlationId":"68THDR3T","timeStamp":"2020-01-01T05:56:10","userName":"Karan"},
{"httpStatus":"400 Bad Request","httpMethod":"GET","errorMsg": "Invalid URL","transactionId": "266HFGHFHHFHKJ","correlationId":"HGH5453G","timeStamp":"2020-01-01T00:00:02", "userName":"John"},
{"httpStatus":"404 Not Found", "httpMethod":"PATCH","errorMsg": "Resource Not Found","transactionId": "KL43RSNGIT8VFA","correlationId":"VDDY53DH","timeStamp":"2020-01-01T04:39:01","userName":"Kevin"},
{"httpStatus":"400 Bad Request","httpMethod":"GET","errorMsg":"Bad Credentials", "transactionId": "QWERR53VCNKHU6","correlationId":"64GDJY57","timeStamp":"2020-01-01T07:20:03","userName":"Kyle"},
{"httpStatus":"500 Internal Server","httpMethod":"PUT","errorMsg": "NullPointer Exception","transactionId": "64GSHFGIJGFNSG","correlationId":"SFSSSSTE","timeStamp":"2020-01-01T06:56:10","userName":"Karan"},
{"httpStatus":"200 OK","httpMethod":"POST","success":"true","transactionId": "DFD6E53FDHT75Y","correlationId":"FSGSGDTY46","timeStamp":"2020-01-01T23:05:05","userName":"Abaham"},
{"httpStatus":"200 OK","httpMethod":"POST","success":"true","transactionId": "HJDT3FST47EFS5","correlationId":"5467UHDGSH","timeStamp":"2020-01-01T23:04:02","userName":"Abaham"},
{"httpStatus":"404 Not Found", "httpMethod":"PATCH","errorMsg": "Resource Not Found","transactionId": "FJFJGJHJ78474J","correlationId":"GDHJ56W7","timeStamp":"2020-01-01T03:39:01","userName":"Kevin"},
{"httpStatus":"400 Bad Request","httpMethod":"GET","errorMsg": "Invalid URL","transactionId": "GREY563DHHDFYJ","correlationId":"0131SVBN","timeStamp":"2020-01-01T01:00:01", "userName":"John"},
{"httpStatus":"500 Internal Server","httpMethod":"PUT","errorMsg": "NullPointer Exception","transactionId": "JYK76565YHJGJJ","correlationId":"GDGSTAWE","timeStamp":"2020-01-01T04:56:10","userName":"Karan"},
{"httpStatus":"400 Bad Request","httpMethod":"GET","errorMsg":"Bad Credentials", "transactionId": "JGJY87463THBGM","correlationId":"MHJ678ZX","timeStamp":"2020-01-01T02:20:01","userName":"Kyle"},
{"httpStatus":"200 OK","httpMethod":"POST","success":"true","transactionId": "GDGSTESDSGR4GS","correlationId":"75636YRFHK","timeStamp":"2020-01-01T23:06:02","userName":"Abaham"},
{"httpStatus":"400 Bad Request","httpMethod":"GET","errorMsg": "Invalid URL","transactionId": "FGHJ567FGHJCVB","correlationId":"5HFJGHGJ","timeStamp":"2020-01-01T00:00:21", "userName":"John"},
{"httpStatus":"404 Not Found", "httpMethod":"PATCH","errorMsg": "Resource Not Found","transactionId": "876HJMNSDKHCNT","correlationId":"64DHFJUD","timeStamp":"2020-01-01T03:39:04","userName":"Kevin"},
{"httpStatus":"400 Bad Request","httpMethod":"GET","errorMsg":"Bad Credentials", "transactionId": "SFG54657GJIYJN","correlationId":"647FBFJF","timeStamp":"2020-01-01T02:20:02","userName":"Kyle"},
{"httpStatus":"500 Internal Server","httpMethod":"PUT","errorMsg": "NullPointer Exception","transactionId": "987HJGKDBVNJED","correlationId":"5RYHDHDH","timeStamp":"2020-01-01T05:16:20","userName":"Karan"}
]